{
  "template": "ETLRealtime",
  "config": {
    "sink": {
      "name": "Table",
      "properties": {
        "name": "testOut",
        "schema": "{\"type\":\"record\",\"name\":\"etlSchemaBody\",\"fields\":[{\"name\":\"id\",\"type\":\"int\"},{\"name\":\"name\",\"type\":\"string\"},{\"name\":\"score\",\"type\":\"double\"},{\"name\":\"graduated\",\"type\":\"boolean\"},{\"name\":\"binary\",\"type\":\"bytes\"},{\"name\":\"date\",\"type\":\"string\"}]}",
        "schema.row.field": "id"
      }
    },
    "source": {
      "name": "Test",
      "properties": {
        "type": "table"
      }
    },
    "transforms": [
      {
        "name": "FormatTimestamp",
        "properties": {
          "dateField": "date",
          "datePattern": "yyyy-MM-dd'T'HH:mm:ss.SSS",
          "dropTimestamp": "true",
          "timestampField": "time"
        }
      }
    ]
  }
}
